"Date","Price","Open","High","Low","Vol.","Change %"
"01/24/2023","13.48","13.90","13.90","13.21","369.12K","0.22%"
"01/23/2023","13.45","13.39","13.49","13.10","569.33K","0.45%"
"01/20/2023","13.39","13.72","13.72","13.06","1.09M","-1.62%"
"01/19/2023","13.61","13.55","13.88","13.51","1.36M","0.44%"
"01/18/2023","13.55","13.12","13.78","13.01","2.07M","3.28%"
"01/17/2023","13.12","14.10","14.32","13.07","3.75M","-6.82%"
"01/16/2023","14.08","14.26","14.30","14.05","1.01M","-2.02%"
"01/13/2023","14.37","14.61","14.72","14.30","2.07M","-2.77%"
"01/12/2023","14.78","15.00","15.00","14.65","1.58M","-1.79%"
"01/11/2023","15.05","15.33","15.42","14.90","5.71M","0.13%"
"01/10/2023","15.03","14.11","15.03","14.11","17.21M","7.28%"
"01/09/2023","14.01","14.32","14.32","13.80","912.16K","-1.20%"
"01/06/2023","14.18","14.13","14.23","14.05","567.73K","0.14%"
"01/05/2023","14.16","14.09","14.19","14.00","393.17K","0.64%"
"01/04/2023","14.07","14.09","14.30","13.98","1.90M","0.36%"
"01/03/2023","14.02","14.24","14.45","14.00","1.76M","-0.99%"
"01/02/2023","14.16","14.15","14.41","14.04","3.22M","0.28%"
"12/30/2022","14.12","14.10","14.45","14.01","2.37M","-0.35%"
"12/29/2022","14.17","14.38","14.38","13.95","1.93M","0.07%"
"12/28/2022","14.16","14.20","14.49","14.10","2.50M","-0.63%"
"12/27/2022","14.25","14.64","14.75","14.16","1.11M","-3.26%"
"12/26/2022","14.73","14.54","14.80","14.45","1.73M","2.29%"
"12/23/2022","14.40","14.20","14.65","13.72","4.14M","0.84%"
"12/22/2022","14.28","13.76","14.44","13.62","3.18M","3.10%"
"12/21/2022","13.85","13.94","14.24","13.10","4.66M","-1.42%"
"12/20/2022","14.05","14.92","15.04","13.85","6.39M","-7.26%"
"12/19/2022","15.15","15.37","15.49","14.56","3.92M","-1.24%"
"12/16/2022","15.34","15.89","15.89","15.15","4.86M","-2.91%"
"12/15/2022","15.80","15.87","16.05","15.60","3.62M","-1.37%"
"12/14/2022","16.02","15.60","16.38","15.55","8.26M","2.69%"
"12/13/2022","15.60","15.89","16.00","15.50","4.01M","-1.89%"
"12/12/2022","15.90","16.26","16.43","15.76","2.77M","-2.45%"
"12/09/2022","16.30","16.65","16.65","16.15","2.86M","-1.51%"
"12/08/2022","16.55","16.88","16.89","16.50","1.56M","-1.43%"
"12/07/2022","16.79","16.88","17.10","16.74","2.12M","-0.06%"
"12/06/2022","16.80","16.70","16.87","16.51","2.56M","0.96%"
"12/05/2022","16.64","17.12","17.15","16.50","2.32M","-2.23%"
"12/02/2022","17.02","16.90","17.19","16.45","3.11M","0.00%"
"12/01/2022","17.02","17.30","17.35","16.91","2.71M","-1.05%"
"11/30/2022","17.20","17.56","17.60","17.16","3.28M","-1.77%"
"11/29/2022","17.51","16.60","17.74","16.52","10.14M","5.04%"
"11/28/2022","16.67","16.40","16.90","16.35","6.81M","-2.46%"
"11/25/2022","17.09","17.40","17.41","17.00","3.31M","-0.58%"
"11/24/2022","17.19","17.45","17.45","17.01","5.10M","-1.04%"
"11/23/2022","17.37","17.70","17.74","17.24","3.35M","-1.14%"
"11/22/2022","17.57","17.24","17.95","17.09","14.08M","2.33%"
"11/21/2022","17.17","16.90","17.38","16.85","8.73M","2.69%"
"11/18/2022","16.72","16.78","17.30","16.08","58.80M","-1.94%"
"11/17/2022","17.05","18.44","18.65","17.02","11.59M","-7.24%"
"11/16/2022","18.38","18.91","18.91","17.80","19.42M","-2.70%"
"11/15/2022","18.89","19.85","20.15","18.65","10.77M","-4.35%"
"11/14/2022","19.75","20.37","20.37","19.55","4.16M","-2.57%"
"11/11/2022","20.27","20.40","20.45","20.15","1.33M","-0.15%"
"11/10/2022","20.30","20.00","20.40","20.00","1.76M","1.25%"
"11/08/2022","20.05","20.16","20.35","19.93","1.27M","-0.74%"
"11/07/2022","20.20","20.14","20.50","20.05","1.26M","1.30%"
"11/04/2022","19.94","20.10","20.65","19.82","6.43M","-3.90%"
"11/03/2022","20.75","20.31","21.07","20.20","4.74M","1.52%"
"11/02/2022","20.44","20.60","20.69","20.16","1.75M","-0.63%"
"11/01/2022","20.57","19.63","20.69","19.63","3.40M","5.22%"
"10/31/2022","19.55","19.26","20.10","19.26","1.10M","-0.76%"
"10/28/2022","19.70","20.20","20.43","19.51","1.92M","-3.15%"
"10/27/2022","20.34","20.09","20.60","19.96","6.45M","0.84%"
"10/26/2022","20.17","21.35","21.35","19.99","8.00M","-5.57%"
"10/25/2022","21.36","21.85","22.00","21.35","6.01M","-2.20%"
"10/24/2022","21.84","22.41","22.47","21.69","3.44M","-0.86%"
"10/21/2022","22.03","22.30","22.48","21.35","4.32M","-0.32%"
"10/20/2022","22.10","22.15","22.60","22.05","1.90M","-1.38%"
"10/19/2022","22.41","21.90","22.45","21.77","2.54M","3.18%"
"10/18/2022","21.72","21.99","22.43","21.49","4.90M","-1.67%"
"10/17/2022","22.09","22.69","22.84","21.90","3.86M","-2.64%"
"10/14/2022","22.69","23.12","23.33","22.55","3.04M","-1.35%"
"10/13/2022","23.00","22.79","23.30","22.72","3.20M","0.22%"
"10/12/2022","22.95","23.15","23.49","22.85","2.21M","-1.25%"
"10/11/2022","23.24","23.87","24.10","23.01","9.92M","-3.17%"
"10/10/2022","24.00","22.85","24.10","22.85","12.65M","3.94%"
"10/07/2022","23.09","23.10","23.20","22.73","4.09M","-1.11%"
"10/06/2022","23.35","23.20","23.75","23.14","7.33M","1.08%"
"10/05/2022","23.10","23.50","23.68","22.95","5.82M","-1.62%"
"10/04/2022","23.48","23.48","23.84","23.38","4.83M","0.47%"
"10/03/2022","23.37","22.70","23.90","22.45","12.36M","3.59%"
"09/30/2022","22.56","22.65","22.89","22.35","2.00M","-0.09%"
"09/29/2022","22.58","22.61","22.95","22.36","3.46M","0.76%"
"09/28/2022","22.41","23.33","23.35","22.40","5.06M","-2.99%"
"09/27/2022","23.10","23.15","23.47","22.81","8.21M","0.22%"
"09/26/2022","23.05","22.01","23.43","22.01","15.40M","5.73%"
"09/23/2022","21.80","22.15","22.25","21.65","3.50M","-1.45%"
"09/22/2022","22.12","21.69","22.20","21.21","3.02M","2.27%"
"09/21/2022","21.63","21.40","22.04","21.40","6.16M","1.55%"
"09/20/2022","21.30","21.19","21.38","20.81","2.57M","1.00%"
"09/19/2022","21.09","21.30","21.39","21.00","807.45K","0.00%"
"09/16/2022","21.09","21.45","21.45","20.94","2.81M","-1.45%"
"09/15/2022","21.40","21.59","21.99","21.33","3.96M","0.05%"
"09/14/2022","21.39","21.53","21.53","21.10","2.23M","-0.97%"
"09/13/2022","21.60","21.76","22.10","21.48","2.96M","-0.69%"
"09/12/2022","21.75","21.95","22.03","21.58","1.40M","-0.82%"
"09/09/2022","21.93","21.76","22.49","21.70","2.68M","0.37%"
"09/08/2022","21.85","21.80","22.02","21.50","2.71M","2.10%"
"09/07/2022","21.40","22.20","22.36","21.35","3.94M","-3.04%"
"09/06/2022","22.07","22.15","22.36","22.04","2.81M","-1.47%"
"09/05/2022","22.40","22.89","22.99","22.15","3.24M","-2.35%"
"09/02/2022","22.94","23.25","23.74","22.90","4.75M","-2.67%"
"09/01/2022","23.57","23.90","23.96","23.31","6.73M","-0.30%"
"08/31/2022","23.64","22.99","23.80","22.61","10.98M","2.87%"
"08/30/2022","22.98","23.69","24.05","22.86","12.88M","-0.52%"
"08/29/2022","23.10","22.51","23.15","21.80","10.02M","1.54%"
"08/26/2022","22.75","22.30","22.99","22.20","8.23M","2.25%"
"08/25/2022","22.25","21.99","22.26","21.50","4.67M","0.95%"
"08/24/2022","22.04","22.54","22.54","21.69","3.46M","-1.08%"
"08/23/2022","22.28","22.33","22.64","22.25","3.62M","0.63%"
"08/22/2022","22.14","22.80","22.99","21.93","10.32M","-3.40%"
"08/19/2022","22.92","22.53","23.20","22.53","8.92M","0.75%"
"08/18/2022","22.75","23.35","23.47","22.75","6.80M","-1.13%"
"08/17/2022","23.01","23.01","23.39","22.77","12.05M","1.10%"
"08/16/2022","22.76","22.31","23.52","21.95","32.89M","2.29%"
"08/15/2022","22.25","20.85","22.37","20.85","17.64M","6.92%"
"08/12/2022","20.81","20.42","20.90","20.41","5.88M","2.16%"
"08/11/2022","20.37","20.11","21.19","20.00","19.68M","1.34%"
"08/10/2022","20.10","19.60","20.24","19.45","13.49M","3.72%"
"08/05/2022","19.38","19.10","19.60","18.86","10.04M","1.31%"
"08/04/2022","19.13","19.18","19.35","18.74","10.59M","0.74%"
"08/03/2022","18.99","18.90","19.77","18.90","22.89M","0.69%"
"08/02/2022","18.86","18.05","19.03","17.60","7.65M","2.84%"
"08/01/2022","18.34","18.69","18.96","18.26","3.88M","-2.13%"
"07/29/2022","18.74","18.11","18.95","18.11","13.94M","2.57%"
"07/28/2022","18.27","18.14","18.50","17.95","8.16M","1.78%"
"07/27/2022","17.95","18.40","18.40","17.65","3.86M","-1.10%"
"07/26/2022","18.15","18.31","18.79","18.10","6.14M","-1.04%"
"07/25/2022","18.34","17.65","18.52","17.29","7.90M","2.06%"
"07/22/2022","17.97","16.68","17.97","15.70","18.96M","7.48%"
"07/21/2022","16.72","18.08","18.18","16.72","10.04M","-7.42%"
"07/20/2022","18.06","18.45","18.65","17.55","6.31M","-2.11%"
"07/19/2022","18.45","19.57","19.77","18.38","7.47M","-6.30%"
"07/18/2022","19.69","19.76","19.84","19.54","5.95M","-2.48%"
"07/15/2022","20.19","20.51","20.87","20.10","8.96M","-1.27%"
"07/14/2022","20.45","20.21","20.66","20.12","9.12M","1.29%"
"07/13/2022","20.19","19.77","20.19","19.63","3.66M","1.25%"
"07/07/2022","19.94","20.00","20.01","19.80","1.43M","0.05%"
"07/06/2022","19.93","20.00","20.14","19.85","5.39M","0.25%"
"07/05/2022","19.88","19.97","19.97","19.80","727.73K","0.40%"
"07/04/2022","19.80","20.06","20.15","19.77","1.64M","-1.10%"
"07/01/2022","20.02","20.30","20.39","19.95","4.89M","-0.15%"
"06/30/2022","20.05","20.10","20.29","20.00","1.04M","-1.04%"
"06/29/2022","20.26","20.31","20.55","20.15","2.60M","0.10%"
"06/28/2022","20.24","20.75","20.75","20.10","16.60M","-1.51%"
"06/27/2022","20.55","20.35","20.75","20.31","14.43M","1.48%"
"06/24/2022","20.25","21.11","21.22","19.53","15.79M","-4.39%"
"06/23/2022","21.18","21.45","21.63","21.01","15.63M","-0.80%"
"06/22/2022","21.35","21.70","22.01","21.30","11.48M","-0.93%"
"06/21/2022","21.55","20.40","21.56","20.40","15.40M","5.64%"
"06/20/2022","20.40","20.65","20.83","20.30","7.11M","-0.54%"
"06/17/2022","20.51","20.19","20.99","20.07","10.48M","2.09%"
"06/16/2022","20.09","19.95","20.20","19.95","2.02M","-0.05%"
"06/15/2022","20.10","20.23","20.42","20.06","4.38M","0.25%"
"06/14/2022","20.05","20.16","20.35","19.76","8.19M","-0.59%"
"06/13/2022","20.17","20.70","20.70","20.10","6.38M","-1.85%"
"06/10/2022","20.55","20.70","20.85","20.45","3.21M","-0.92%"
"06/09/2022","20.74","20.66","21.29","20.33","16.82M","0.92%"
"06/08/2022","20.55","20.07","20.60","20.05","11.83M","2.39%"
"06/07/2022","20.07","21.28","21.50","20.00","15.53M","-4.97%"
"06/06/2022","21.12","21.20","21.55","19.91","33.14M","-0.75%"
"06/03/2022","21.28","21.97","21.97","21.00","3.38M","-2.83%"
"06/02/2022","21.90","22.20","22.35","21.60","10.97M","-1.79%"
"06/01/2022","22.30","22.80","23.25","22.19","14.10M","-1.63%"
"05/31/2022","22.67","22.99","23.54","22.41","8.01M","-0.35%"
"05/30/2022","22.75","22.81","23.09","22.46","2.20M","0.13%"
"05/27/2022","22.72","23.30","24.25","22.45","12.54M","-2.49%"
"05/26/2022","23.30","22.11","23.45","21.92","8.69M","4.95%"
"05/25/2022","22.20","21.30","22.54","21.11","9.78M","3.30%"
"05/24/2022","21.49","22.17","22.44","21.12","6.75M","-3.20%"
"05/23/2022","22.20","22.08","22.50","21.80","2.51M","-1.33%"
"05/20/2022","22.50","22.53","22.90","22.20","5.21M","0.45%"
"05/19/2022","22.40","23.02","23.29","22.35","6.45M","-3.53%"
"05/18/2022","23.22","21.61","23.30","21.61","9.46M","7.00%"
"05/17/2022","21.70","21.50","22.10","21.40","5.13M","0.60%"
"05/16/2022","21.57","22.34","22.34","21.10","4.27M","-4.77%"
"05/13/2022","22.65","22.55","23.18","21.85","8.06M","0.27%"
"05/12/2022","22.59","21.75","22.80","21.07","5.55M","3.86%"
"05/11/2022","21.75","23.29","23.29","21.33","9.53M","-5.02%"
"05/10/2022","22.90","23.12","23.64","22.71","4.99M","-1.08%"
"05/09/2022","23.15","24.25","24.45","22.60","9.35M","-4.77%"
"05/06/2022","24.31","23.64","25.15","23.15","18.23M","2.36%"
"04/28/2022","23.75","24.40","24.40","22.80","10.21M","-2.86%"
"04/27/2022","24.45","24.65","24.89","24.40","2.16M","-1.21%"
"04/26/2022","24.75","25.20","25.20","24.58","2.62M","-1.63%"
"04/25/2022","25.16","25.65","26.31","25.00","6.81M","0.04%"
"04/22/2022","25.15","24.95","25.39","24.67","3.58M","1.62%"
"04/21/2022","24.75","25.50","25.60","24.50","4.36M","-2.86%"
"04/20/2022","25.48","26.11","26.25","25.26","2.90M","-2.38%"
"04/19/2022","26.10","27.20","27.20","25.80","5.53M","-2.97%"
"04/18/2022","26.90","27.32","27.88","26.81","3.89M","-1.82%"
"04/15/2022","27.40","27.70","28.40","27.33","7.70M","-0.72%"
"04/14/2022","27.60","27.40","28.00","27.30","9.27M","-0.18%"
"04/13/2022","27.65","28.74","29.10","27.23","13.84M","-2.71%"
"04/12/2022","28.42","27.00","28.63","26.35","27.62M","5.97%"
"04/11/2022","26.82","26.50","26.82","26.25","11.23M","7.37%"
"04/08/2022","24.98","24.60","25.04","24.55","2.44M","2.13%"
"04/07/2022","24.46","25.00","25.15","24.25","1.56M","-2.32%"
"04/06/2022","25.04","24.70","25.18","24.64","853.03K","1.87%"
"04/05/2022","24.58","25.00","25.30","24.50","1.47M","-1.29%"
"04/04/2022","24.90","25.11","25.80","24.70","2.49M","-6.74%"
"04/01/2022","26.70","26.02","27.64","25.52","6.41M","1.79%"
"03/31/2022","26.23","25.50","26.48","25.50","3.85M","3.02%"
"03/30/2022","25.46","25.51","26.48","25.40","4.09M","-1.89%"
"03/29/2022","25.95","25.41","26.60","25.40","5.65M","2.69%"
"03/28/2022","25.27","25.00","25.36","24.66","2.00M","1.00%"
"03/25/2022","25.02","24.50","25.15","24.40","4.43M","2.12%"
"03/24/2022","24.50","23.75","24.65","23.75","3.14M","2.08%"
"03/22/2022","24.00","23.66","24.00","23.60","1.46M","1.22%"
"03/21/2022","23.71","23.99","24.24","23.50","1.51M","-0.29%"
"03/18/2022","23.78","24.00","24.10","23.30","3.35M","-2.14%"
"03/17/2022","24.30","24.40","24.93","24.21","4.94M","0.37%"
"03/16/2022","24.21","23.30","24.50","23.30","4.48M","4.58%"
"03/15/2022","23.15","23.20","23.30","22.51","2.51M","0.70%"
"03/14/2022","22.99","23.90","23.90","22.48","3.19M","-3.89%"
"03/11/2022","23.92","24.84","24.85","23.26","9.04M","-5.04%"
"03/10/2022","25.19","24.85","25.25","24.26","3.98M","4.57%"
"03/09/2022","24.09","23.75","24.50","23.70","7.76M","0.96%"
"03/08/2022","23.86","24.61","25.30","23.35","17.19M","-5.05%"
"03/07/2022","25.13","26.70","26.70","25.13","7.26M","-7.47%"
"03/04/2022","27.16","27.13","27.75","27.00","3.04M","-0.33%"
"03/03/2022","27.25","27.12","27.55","26.55","6.82M","1.30%"
"03/02/2022","26.90","27.02","27.19","26.25","3.43M","-2.22%"
"03/01/2022","27.51","27.99","28.29","26.75","8.08M","0.59%"
"02/28/2022","27.35","26.42","27.70","25.75","4.64M","2.63%"
"02/25/2022","26.65","25.49","26.99","25.10","8.97M","5.25%"
"02/24/2022","25.32","26.15","26.80","25.32","5.18M","-7.59%"
"02/23/2022","27.40","27.25","27.50","26.10","4.64M","1.63%"
"02/22/2022","26.96","27.60","27.61","26.20","5.15M","-3.13%"
"02/21/2022","27.83","28.85","28.85","27.80","1.69M","-3.94%"
"02/18/2022","28.97","28.60","29.37","28.25","2.33M","1.47%"
"02/17/2022","28.55","30.00","30.20","28.26","6.21M","-4.52%"
"02/16/2022","29.90","30.47","30.63","29.60","2.84M","-1.64%"
"02/15/2022","30.40","29.67","30.40","29.55","4.10M","1.84%"
"02/14/2022","29.85","30.56","30.56","29.45","3.85M","-2.32%"
"02/11/2022","30.56","31.49","31.49","30.38","3.46M","-1.74%"
"02/10/2022","31.10","31.40","32.08","30.81","8.48M","-0.48%"
"02/09/2022","31.25","31.30","31.97","31.20","5.53M","-0.03%"
"02/08/2022","31.26","31.00","31.49","30.71","4.95M","1.13%"
"02/07/2022","30.91","30.90","31.18","30.10","5.07M","0.03%"
"02/04/2022","30.90","31.10","31.49","30.65","5.12M","-1.28%"
"02/03/2022","31.30","32.77","32.78","30.91","13.40M","-2.80%"
"02/02/2022","32.20","32.39","32.85","31.90","10.36M","-0.16%"
"02/01/2022","32.25","31.60","32.66","31.05","15.30M","2.90%"
"01/31/2022","31.34","29.26","31.38","29.16","12.84M","7.11%"
"01/28/2022","29.26","28.40","29.50","28.36","6.74M","2.31%"
"01/27/2022","28.60","27.74","28.90","27.34","11.71M","3.66%"
"01/26/2022","27.59","27.70","27.90","27.35","1.64M","-0.79%"
"01/25/2022","27.81","27.51","28.38","27.51","4.39M","1.79%"
"01/24/2022","27.32","27.70","27.71","26.97","1.86M","-0.73%"
"01/21/2022","27.52","27.85","28.25","27.50","2.35M","-0.11%"
"01/20/2022","27.55","26.95","27.60","26.95","7.39M","1.66%"
"01/19/2022","27.10","28.15","28.15","27.06","3.64M","-3.73%"
"01/18/2022","28.15","28.80","28.81","27.95","2.84M","-1.23%"
"01/17/2022","28.50","28.75","29.10","28.20","5.36M","0.00%"
"01/14/2022","28.50","29.25","29.35","27.99","9.81M","-2.23%"
"01/13/2022","29.15","29.86","29.95","29.05","5.40M","-2.67%"
"01/12/2022","29.95","30.10","30.60","29.91","9.52M","0.57%"
"01/11/2022","29.78","29.67","30.10","29.40","11.91M","1.64%"
"01/10/2022","29.30","28.50","29.74","28.30","12.60M","2.45%"
"01/07/2022","28.60","28.30","28.88","28.00","4.44M","0.88%"
"01/06/2022","28.35","28.79","29.05","28.11","4.10M","-1.29%"
"01/05/2022","28.72","28.77","29.50","28.62","12.10M","0.81%"
"01/04/2022","28.49","26.58","28.49","26.58","10.71M","7.51%"
"01/03/2022","26.50","26.26","27.00","26.26","2.73M","0.11%"
"12/31/2021","26.47","26.25","26.73","26.10","4.21M","0.65%"
"12/30/2021","26.30","26.23","26.55","26.00","2.86M","0.34%"
"12/29/2021","26.21","26.22","26.40","26.05","2.34M","-0.04%"
"12/28/2021","26.22","26.20","26.69","25.65","7.23M","0.00%"
"12/27/2021","26.22","27.19","27.20","26.10","5.38M","-2.89%"
"12/24/2021","27.00","27.65","27.70","26.90","9.86M","-2.35%"
"12/23/2021","27.65","27.60","28.00","27.40","17.71M","2.41%"
"12/22/2021","27.00","26.45","27.33","26.45","9.10M","1.43%"
"12/21/2021","26.62","26.51","27.15","26.30","8.13M","3.18%"
"12/20/2021","25.80","25.70","26.25","25.45","4.04M","0.39%"
"12/17/2021","25.70","25.75","26.34","25.29","5.30M","0.19%"
"12/16/2021","25.65","25.04","26.29","24.91","13.92M","4.61%"
"12/15/2021","24.52","23.40","24.52","23.40","4.90M","6.84%"
"12/14/2021","22.95","21.38","22.99","21.00","6.59M","6.00%"
"12/13/2021","21.65","22.25","22.75","21.10","1.87M","-3.56%"
"12/10/2021","22.45","22.00","22.65","21.50","3.79M","0.90%"
"12/09/2021","22.25","23.00","23.00","21.80","6.28M","-3.13%"
"12/08/2021","22.97","22.92","23.65","22.71","9.75M","1.59%"
"12/07/2021","22.61","21.70","22.61","21.20","9.98M","5.65%"
"12/06/2021","21.40","21.97","22.50","20.46","10.48M","-1.43%"
"12/03/2021","21.71","22.98","23.70","21.71","16.73M","-7.46%"
"12/02/2021","23.46","25.50","25.50","23.46","17.74M","-7.53%"
"12/01/2021","25.37","25.20","25.60","25.09","4.60M","0.52%"
"11/30/2021","25.24","25.45","25.61","24.52","3.42M","-0.12%"
"11/29/2021","25.27","24.51","25.65","24.51","3.51M","0.20%"
"11/26/2021","25.22","25.40","25.94","24.80","2.77M","-1.14%"
"11/25/2021","25.51","25.15","25.61","25.15","2.78M","0.71%"
"11/24/2021","25.33","25.45","25.85","24.10","6.74M","-0.74%"
"11/23/2021","25.52","26.20","26.42","25.20","5.91M","-2.03%"
"11/22/2021","26.05","25.99","26.22","25.75","4.40M","-1.21%"
"11/19/2021","26.37","25.92","26.85","25.80","6.57M","0.88%"
"11/18/2021","26.14","26.90","27.17","25.50","5.95M","-2.50%"
"11/17/2021","26.81","27.38","27.58","26.46","3.43M","-2.22%"
"11/16/2021","27.42","27.50","27.72","26.45","7.48M","0.26%"
"11/15/2021","27.35","28.90","28.93","27.11","8.50M","-5.69%"
"11/12/2021","29.00","28.10","29.60","27.00","14.89M","3.46%"
"11/11/2021","28.03","29.00","29.11","28.01","2.65M","-2.71%"
"11/10/2021","28.81","28.40","29.20","28.25","5.55M","0.80%"
"11/09/2021","28.58","30.25","30.40","28.06","9.59M","-5.80%"
"11/08/2021","30.34","31.30","31.40","30.05","10.71M","-1.30%"
"11/05/2021","30.74","30.02","31.25","30.02","20.55M","2.67%"
"11/04/2021","29.94","29.50","30.27","29.10","14.09M","2.64%"
"11/03/2021","29.17","29.18","29.60","28.60","7.48M","0.07%"
"11/02/2021","29.15","29.55","29.63","29.11","6.36M","-1.19%"
"11/01/2021","29.50","29.00","29.98","28.75","13.02M","3.47%"
"10/29/2021","28.51","28.04","28.93","27.25","7.96M","0.88%"
"10/28/2021","28.26","29.45","29.45","28.20","7.96M","-4.98%"
"10/27/2021","29.74","30.60","30.80","29.60","11.01M","0.81%"
"10/26/2021","29.50","30.40","30.40","29.21","7.37M","-0.67%"
"10/25/2021","29.70","29.11","29.98","28.55","2.96M","1.33%"
"10/22/2021","29.31","29.52","29.73","27.90","22.54M","-1.97%"
"10/21/2021","29.90","30.20","30.57","29.50","19.23M","0.20%"
"10/20/2021","29.84","29.20","30.30","29.20","15.01M","4.01%"
"10/18/2021","28.69","29.80","29.85","28.50","13.55M","-5.28%"
"10/15/2021","30.29","28.94","30.62","28.00","26.47M","6.28%"
"10/14/2021","28.50","26.01","28.50","25.80","25.03M","7.55%"
"10/13/2021","26.50","28.80","29.00","26.48","16.17M","-6.95%"
"10/12/2021","28.48","29.31","29.51","27.70","18.61M","-3.98%"
"10/11/2021","29.66","32.15","32.15","29.66","5.95M","-8.03%"
"10/08/2021","32.25","32.80","32.80","31.90","2.20M","-1.07%"
"10/07/2021","32.60","32.25","33.15","32.10","10.97M","2.52%"
"10/06/2021","31.80","31.74","33.31","30.56","25.72M","0.00%"
"10/05/2021","31.80","32.07","32.88","31.65","9.43M","-0.78%"
"10/04/2021","32.05","30.90","32.26","30.51","7.25M","2.69%"
"10/01/2021","31.21","31.01","31.65","30.77","5.17M","0.64%"
"09/30/2021","31.01","30.48","31.51","29.50","15.04M","1.57%"
"09/29/2021","30.53","33.10","33.10","30.53","13.52M","-7.79%"
"09/28/2021","33.11","31.11","33.11","30.70","15.78M","6.12%"
"09/27/2021","31.20","32.15","32.25","29.53","34.95M","-2.23%"
"09/24/2021","31.91","33.00","33.74","31.39","36.18M","-3.16%"
"09/23/2021","32.95","32.99","34.31","32.25","13.29M","-0.24%"
"09/22/2021","33.03","34.25","34.25","31.62","14.00M","-2.80%"
"09/21/2021","33.98","35.59","35.77","33.60","6.00M","-4.55%"
"09/20/2021","35.60","36.11","36.39","35.10","2.46M","-1.93%"
"09/17/2021","36.30","37.10","37.15","35.50","11.09M","-1.76%"
"09/16/2021","36.95","34.88","37.40","34.35","23.78M","6.18%"
"09/15/2021","34.80","35.84","35.85","34.20","6.78M","-2.71%"
"09/14/2021","35.77","36.31","36.55","34.56","7.26M","-1.46%"
"09/13/2021","36.30","37.11","37.37","36.20","3.20M","-2.18%"
"09/10/2021","37.11","37.35","37.55","37.01","2.55M","0.43%"
"09/09/2021","36.95","37.11","37.60","36.81","2.30M","-0.59%"
"09/08/2021","37.17","37.40","37.49","36.70","3.45M","0.00%"
"09/07/2021","37.17","38.00","38.00","36.70","2.67M","-1.67%"
"09/06/2021","37.80","37.97","38.39","37.68","2.08M","-0.42%"
"09/03/2021","37.96","37.95","38.51","37.80","3.09M","-0.47%"
"09/02/2021","38.14","38.85","38.85","37.93","5.61M","-1.70%"
"09/01/2021","38.80","38.34","39.30","38.34","15.20M","2.11%"
"08/31/2021","38.00","38.05","38.40","37.85","3.66M","0.00%"
"08/30/2021","38.00","37.90","38.45","37.78","4.96M","0.58%"
"08/27/2021","37.78","37.60","38.05","36.90","10.28M","0.13%"
"08/26/2021","37.73","38.13","38.45","37.21","4.37M","-1.49%"
"08/25/2021","38.30","38.89","38.89","37.76","3.84M","-0.78%"
"08/24/2021","38.60","39.45","39.48","38.35","7.14M","-1.78%"
"08/23/2021","39.30","39.40","39.65","39.19","5.15M","0.10%"
"08/20/2021","39.26","39.40","39.90","38.80","8.75M","0.80%"
"08/17/2021","38.95","38.50","39.69","38.50","10.42M","1.51%"
"08/16/2021","38.37","37.88","38.65","37.00","6.01M","1.03%"
"08/13/2021","37.98","38.11","38.63","37.80","4.90M","-0.58%"
"08/12/2021","38.20","39.10","39.25","37.90","4.57M","-1.50%"
"08/11/2021","38.78","39.20","39.74","38.71","9.26M","-0.18%"
"08/10/2021","38.85","37.60","39.30","37.55","10.67M","3.05%"
"08/09/2021","37.70","38.30","38.69","37.20","12.44M","-1.00%"
"08/06/2021","38.08","40.45","40.88","37.85","35.95M","-6.85%"
"08/05/2021","40.88","40.90","41.40","40.12","6.82M","0.07%"
"08/04/2021","40.85","41.06","42.00","40.65","15.86M","0.12%"
"08/03/2021","40.80","40.34","41.35","39.80","11.57M","2.10%"
"08/02/2021","39.96","40.30","40.60","39.70","7.85M","0.23%"
"07/30/2021","39.87","40.41","41.20","39.40","8.38M","-1.65%"
"07/29/2021","40.54","40.92","41.00","38.80","16.15M","0.15%"
"07/28/2021","40.48","43.00","43.01","40.01","12.45M","-5.79%"
"07/27/2021","42.97","43.63","43.90","42.84","3.71M","-1.89%"
"07/26/2021","43.80","44.25","44.83","43.70","3.45M","-1.02%"
"07/23/2021","44.25","45.20","45.31","43.80","3.20M","-1.34%"
"07/19/2021","44.85","45.20","45.35","44.75","4.52M","-0.77%"
"07/16/2021","45.20","44.89","45.97","44.55","16.98M","0.89%"
"07/15/2021","44.80","43.50","45.76","43.20","22.88M","3.01%"
"07/14/2021","43.49","43.95","44.30","43.10","6.37M","-0.87%"
"07/13/2021","43.87","44.30","44.78","43.60","7.01M","-0.63%"
"07/12/2021","44.15","42.60","45.00","42.42","21.48M","3.47%"
"07/09/2021","42.67","44.14","44.15","42.50","8.70M","-3.02%"
"07/08/2021","44.00","43.60","44.46","43.40","16.69M","1.73%"
"07/07/2021","43.25","43.30","43.83","42.00","16.63M","-0.14%"
"07/06/2021","43.31","44.61","45.10","43.01","9.95M","-3.00%"
"07/05/2021","44.65","45.45","45.88","44.45","5.50M","-2.36%"
"07/02/2021","45.73","46.15","46.84","45.40","10.84M","-0.57%"
"07/01/2021","45.99","44.60","46.00","44.60","8.65M","2.89%"
"06/30/2021","44.70","43.80","45.10","43.80","11.11M","2.24%"
"06/29/2021","43.72","42.50","44.09","42.50","11.00M","4.10%"
"06/28/2021","42.00","42.90","42.90","41.46","14.96M","-1.87%"
"06/25/2021","42.80","42.50","43.59","42.25","14.65M","-0.26%"
"06/24/2021","42.91","42.60","43.85","42.40","8.88M","0.49%"
"06/23/2021","42.70","44.05","44.20","42.20","15.64M","-3.33%"
"06/22/2021","44.17","45.25","45.80","44.11","8.09M","-2.08%"
"06/21/2021","45.11","45.06","46.44","44.50","20.54M","0.22%"
"06/18/2021","45.01","45.81","45.81","42.60","53.69M","-1.83%"
"06/17/2021","45.85","47.99","48.00","44.28","27.87M","-4.58%"
"06/16/2021","48.05","48.25","48.80","47.75","6.01M","-0.31%"
"06/15/2021","48.20","48.45","49.25","48.05","13.52M","-0.21%"
"06/14/2021","48.30","50.00","50.49","47.16","24.70M","-2.15%"
"06/11/2021","49.36","49.50","50.60","48.80","17.09M","0.12%"
"06/10/2021","49.30","46.98","49.75","46.98","41.83M","5.45%"
"06/09/2021","46.75","46.25","47.35","46.11","12.74M","1.21%"
"06/08/2021","46.19","46.48","46.87","45.80","6.07M","-0.69%"
"06/07/2021","46.51","46.20","47.33","46.19","13.89M","1.59%"
"06/04/2021","45.78","46.00","46.50","45.41","7.57M","0.07%"
"06/03/2021","45.75","47.02","47.55","45.45","12.13M","-2.76%"
"06/02/2021","47.05","46.30","48.11","46.10","34.55M","2.06%"
"06/01/2021","46.10","45.55","46.60","45.01","25.35M","1.10%"
"05/31/2021","45.60","45.20","46.20","44.82","15.56M","1.74%"
"05/28/2021","44.82","44.50","45.68","44.50","14.84M","0.72%"
"05/27/2021","44.50","45.30","46.28","44.25","22.69M","-0.89%"
"05/26/2021","44.90","44.00","46.18","43.80","45.13M","3.24%"
"05/25/2021","43.49","41.50","44.35","41.50","66.84M","5.94%"
"05/24/2021","41.05","41.10","41.90","40.75","20.86M","0.05%"
"05/21/2021","41.03","41.00","41.70","40.68","16.56M","0.81%"
"05/20/2021","40.70","41.00","42.00","40.15","20.69M","0.37%"
"05/19/2021","40.55","42.00","42.40","40.11","56.95M","-1.70%"
"05/18/2021","41.25","39.81","41.25","38.38","30.95M","7.48%"
"05/17/2021","38.38","36.60","38.38","36.40","21.54M","7.48%"
"05/06/2021","35.71","34.99","36.00","34.20","11.57M","2.35%"
"05/05/2021","34.89","36.00","37.04","34.80","42.39M","1.25%"
"05/04/2021","34.46","32.50","34.46","32.40","33.87M","6.52%"
"05/03/2021","32.35","30.70","32.54","29.51","36.36M","6.07%"
"04/30/2021","30.50","31.99","31.99","30.45","10.47M","-3.88%"
"04/29/2021","31.73","31.51","32.20","31.40","8.39M","0.32%"
"04/28/2021","31.63","32.50","32.65","31.55","15.89M","-1.46%"
"04/27/2021","32.10","31.70","33.19","31.70","43.44M","1.97%"
"04/26/2021","31.48","30.50","32.10","30.32","26.43M","2.31%"
"04/23/2021","30.77","31.05","31.30","30.31","9.74M","-1.66%"
"04/22/2021","31.29","32.35","32.64","31.06","19.62M","-3.34%"
"04/21/2021","32.37","32.79","33.65","32.19","37.62M","-0.74%"
"04/20/2021","32.61","30.99","32.70","30.83","30.64M","6.57%"
"04/19/2021","30.60","29.95","31.21","29.50","13.24M","0.62%"
"04/16/2021","30.41","30.41","30.86","30.36","3.19M","0.07%"
"04/15/2021","30.39","31.00","31.19","30.11","8.11M","-1.36%"
"04/14/2021","30.81","31.20","31.35","30.60","8.61M","-0.77%"
"04/13/2021","31.05","30.60","32.10","30.35","29.89M","1.44%"
"04/12/2021","30.61","30.70","31.00","29.85","17.40M","-0.23%"
"04/09/2021","30.68","29.80","31.10","29.60","37.43M","3.47%"
"04/08/2021","29.65","28.99","29.75","28.60","13.25M","2.95%"
"04/07/2021","28.80","29.50","29.50","28.35","10.27M","-1.81%"
"04/06/2021","29.33","27.62","29.35","27.55","16.49M","7.04%"
"04/05/2021","27.40","29.00","29.23","27.05","13.36M","-5.35%"
"04/02/2021","28.95","28.97","29.25","28.15","14.01M","1.05%"
"04/01/2021","28.65","29.90","30.25","28.10","13.99M","-4.82%"
"03/31/2021","30.10","30.50","30.99","29.12","24.80M","0.47%"
"03/30/2021","29.96","27.75","29.99","27.00","30.81M","7.42%"
"03/29/2021","27.89","29.95","30.19","27.89","20.14M","-7.50%"
"03/26/2021","30.15","29.93","30.60","29.53","33.86M","0.70%"
"03/25/2021","29.94","29.95","30.75","29.70","28.59M","0.77%"
"03/24/2021","29.71","29.80","30.30","29.42","9.83M","-0.20%"
"03/22/2021","29.77","29.90","30.10","29.20","9.21M","-0.83%"
"03/19/2021","30.02","29.37","30.65","29.05","18.10M","1.35%"
"03/18/2021","29.62","31.20","31.20","28.75","19.30M","-4.30%"
"03/17/2021","30.95","30.66","31.39","30.65","24.57M","2.31%"
"03/16/2021","30.25","29.25","30.47","29.00","37.24M","5.95%"
"03/15/2021","28.55","28.17","28.55","27.51","23.64M","7.49%"
"03/12/2021","26.56","25.30","27.12","23.40","88.26M","5.02%"
"03/11/2021","25.29","27.15","28.49","25.29","34.89M","-7.53%"
"03/10/2021","27.35","28.99","29.10","26.90","25.04M","-4.70%"
"03/09/2021","28.70","31.10","31.45","28.64","33.33M","-6.51%"
"03/08/2021","30.70","30.89","32.25","30.48","45.36M","2.10%"
"03/05/2021","30.07","29.80","30.25","29.76","9.47M","0.94%"
"03/04/2021","29.79","29.50","31.21","29.50","16.87M","-4.52%"
"03/03/2021","31.20","30.22","31.65","30.22","18.17M","2.46%"
"03/02/2021","30.45","30.00","30.79","29.40","12.74M","2.35%"
"03/01/2021","29.75","31.41","31.65","29.05","21.20M","-5.19%"
"02/26/2021","31.38","32.85","33.15","31.12","45.36M","-4.33%"
"02/25/2021","32.80","32.10","33.33","31.60","33.17M","2.18%"
"02/24/2021","32.10","33.21","33.25","31.50","13.69M","-2.73%"
"02/23/2021","33.00","33.50","34.29","33.00","17.52M","-1.20%"
"02/22/2021","33.40","33.61","33.85","33.17","8.49M","-0.89%"
"02/19/2021","33.70","33.81","34.12","33.40","7.29M","-0.56%"
"02/18/2021","33.89","34.85","34.85","33.75","7.42M","-2.19%"
"02/17/2021","34.65","34.50","35.40","34.15","14.88M","0.90%"
"02/16/2021","34.34","33.51","34.38","33.50","10.20M","2.69%"
"02/15/2021","33.44","33.25","34.09","32.95","15.00M","0.51%"
"02/12/2021","33.27","33.02","34.25","32.69","7.01M","0.91%"
"02/11/2021","32.97","35.50","35.50","32.80","13.14M","-6.57%"
"02/10/2021","35.29","35.48","35.75","35.10","5.02M","-0.28%"
"02/09/2021","35.39","36.10","36.70","35.30","20.82M","0.20%"
"02/08/2021","35.32","35.80","36.00","35.25","6.37M","-1.37%"
"02/04/2021","35.81","35.90","35.92","35.15","8.13M","0.45%"
"02/03/2021","35.65","36.24","36.39","35.25","14.24M","-0.97%"
"02/02/2021","36.00","36.49","36.75","35.80","7.69M","-0.58%"
"02/01/2021","36.21","36.49","36.95","36.00","13.11M","0.14%"
"01/29/2021","36.16","34.63","36.43","34.60","32.75M","4.45%"
"01/28/2021","34.62","34.70","35.34","34.50","14.80M","-0.77%"
"01/27/2021","34.89","34.25","35.29","34.10","20.75M","1.25%"
"01/26/2021","34.46","34.50","35.40","34.10","30.86M","0.44%"
"01/25/2021","34.31","33.25","34.45","32.86","36.26M","4.16%"
"01/22/2021","32.94","33.65","33.75","32.61","11.95M","-1.55%"
"01/21/2021","33.46","34.05","34.25","33.31","21.21M","-2.11%"
"01/20/2021","34.18","32.35","34.59","32.11","41.06M","5.56%"
"01/19/2021","32.38","32.24","32.59","31.70","21.18M","1.35%"
"01/18/2021","31.95","31.20","32.60","30.80","21.08M","2.08%"
"01/15/2021","31.30","31.70","31.85","31.20","6.61M","-1.36%"
"01/14/2021","31.73","32.39","32.50","31.50","8.68M","-1.76%"
"01/13/2021","32.30","33.00","33.15","32.15","18.68M","-1.40%"
"01/12/2021","32.76","30.80","32.89","30.65","29.80M","7.06%"
"01/11/2021","30.60","31.26","31.70","30.30","7.50M","-1.42%"
"01/08/2021","31.04","31.56","31.74","30.90","5.93M","-1.99%"
"01/07/2021","31.67","32.34","32.50","31.31","13.23M","-1.89%"
"01/06/2021","32.28","30.75","32.30","30.56","21.05M","5.84%"
"01/05/2021","30.50","30.15","30.79","30.00","7.92M","0.49%"
"01/04/2021","30.35","31.90","31.90","29.80","19.81M","-3.74%"
"01/01/2021","31.53","31.95","32.35","31.32","23.14M","-0.13%"
"12/31/2020","31.57","32.45","32.55","31.32","19.11M","-1.68%"
"12/30/2020","32.11","31.75","32.49","31.70","18.50M","2.42%"
"12/29/2020","31.35","30.90","32.45","30.85","41.33M","2.32%"
"12/28/2020","30.64","29.00","30.64","28.90","31.87M","7.13%"
"12/24/2020","28.60","26.99","28.75","26.90","46.89M","6.52%"
"12/23/2020","26.85","26.82","27.10","26.50","14.20M","0.34%"
"12/22/2020","26.76","27.50","28.01","26.20","16.43M","-3.57%"
"12/21/2020","27.75","28.05","28.46","27.55","14.68M","-1.10%"
"12/18/2020","28.06","28.50","28.66","27.93","15.22M","-0.78%"
"12/17/2020","28.28","28.03","28.50","27.92","9.56M","0.82%"
"12/16/2020","28.05","28.19","28.45","27.90","10.74M","-0.18%"
"12/15/2020","28.10","28.74","28.88","28.00","14.30M","-1.58%"
"12/14/2020","28.55","28.31","28.86","28.28","14.92M","1.06%"
"12/11/2020","28.25","28.75","28.95","27.87","35.20M","-0.88%"
"12/10/2020","28.50","28.05","29.05","27.82","35.61M","2.26%"
"12/09/2020","27.87","27.31","28.10","26.95","26.15M","1.75%"
"12/08/2020","27.39","28.00","28.06","27.20","21.00M","-1.30%"
"12/07/2020","27.75","27.39","28.25","27.15","33.26M","1.91%"
"12/04/2020","27.23","27.20","27.56","26.95","17.44M","0.26%"
"12/03/2020","27.16","27.26","27.64","27.00","23.74M","0.18%"
"12/02/2020","27.11","27.38","27.68","26.86","39.76M","-0.55%"
"12/01/2020","27.26","25.66","27.58","25.64","67.87M","6.90%"
"11/30/2020","25.50","25.20","25.85","25.01","19.51M","0.16%"
"11/27/2020","25.46","25.00","25.94","24.61","53.46M","2.29%"
"11/26/2020","24.89","23.30","24.92","23.21","50.02M","6.96%"
"11/25/2020","23.27","23.76","23.95","22.85","20.85M","-1.36%"
"11/24/2020","23.59","23.30","23.73","23.21","19.01M","1.90%"
"11/23/2020","23.15","23.60","23.60","22.90","15.42M","-2.40%"
"11/20/2020","23.72","23.30","24.29","23.30","39.72M","1.80%"
"11/19/2020","23.30","22.97","23.45","22.86","17.81M","1.75%"
"11/18/2020","22.90","22.85","23.15","22.76","8.83M","0.22%"
"11/17/2020","22.85","22.67","22.99","22.67","7.86M","1.78%"
"11/16/2020","22.45","22.64","23.09","22.37","7.62M","-0.22%"
"11/13/2020","22.50","22.36","22.98","22.21","19.56M","0.22%"
"11/12/2020","22.45","23.18","23.20","22.10","29.69M","-2.65%"
"11/11/2020","23.06","23.30","23.54","22.95","12.67M","-1.03%"
"11/10/2020","23.30","24.02","24.09","23.19","21.43M","-1.27%"
"11/09/2020","23.60","24.20","24.28","23.55","15.65M","-1.46%"
"11/06/2020","23.95","23.25","24.40","23.10","49.04M","2.61%"
"11/05/2020","23.34","23.60","23.65","22.70","32.34M","0.60%"
"11/04/2020","23.20","24.39","24.39","22.60","47.73M","-3.41%"
"11/03/2020","24.02","23.72","24.59","23.72","42.93M","2.91%"
"11/02/2020","23.34","22.60","23.50","22.17","31.22M","1.48%"
"10/29/2020","23.00","23.00","23.55","21.70","60.52M","-1.50%"
"10/28/2020","23.35","22.90","23.60","22.11","60.25M","2.86%"
"10/27/2020","22.70","21.76","23.17","21.70","77.19M","4.66%"
"10/26/2020","21.69","21.61","22.20","21.50","29.83M","1.40%"
"10/23/2020","21.39","21.69","22.13","21.30","24.36M","-0.97%"
"10/22/2020","21.60","21.30","22.24","21.16","61.31M","2.86%"
"10/21/2020","21.00","19.74","21.00","19.73","64.48M","6.33%"
"10/20/2020","19.75","19.26","20.08","19.04","77.97M","3.73%"
"10/19/2020","19.04","17.72","19.04","17.72","53.66M","7.45%"
"10/16/2020","17.72","16.71","17.95","16.60","45.06M","5.29%"
"10/15/2020","16.83","17.18","17.27","16.62","17.47M","-0.71%"
"10/14/2020","16.95","16.85","17.15","16.73","21.50M","1.92%"
"10/13/2020","16.63","16.21","16.90","15.91","19.12M","2.91%"
"10/12/2020","16.16","17.25","17.45","16.06","19.68M","-6.43%"
"10/09/2020","17.27","16.78","17.44","16.60","34.99M","2.80%"
"10/08/2020","16.80","16.15","16.90","15.80","56.32M","5.93%"
"10/07/2020","15.86","15.14","15.86","14.85","34.57M","6.44%"
"10/06/2020","14.90","14.05","14.97","13.76","36.81M","6.81%"
"10/05/2020","13.95","14.99","15.20","13.95","31.98M","-7.49%"
"10/02/2020","15.08","16.24","16.37","14.95","24.24M","-6.57%"
"10/01/2020","16.14","16.55","16.81","15.76","26.06M","-3.93%"
"09/30/2020","16.80","17.75","17.96","16.50","66.24M","-4.76%"
"09/29/2020","17.64","17.46","17.79","17.25","22.63M","0.92%"
"09/28/2020","17.48","18.18","18.20","17.25","21.25M","-2.67%"
"09/25/2020","17.96","18.39","18.54","17.80","47.50M","0.06%"
"09/24/2020","17.95","18.00","18.50","17.80","33.18M","0.22%"
"09/23/2020","17.91","17.25","18.50","17.25","51.81M","-0.50%"
"09/22/2020","18.00","18.39","18.50","17.68","29.80M","-1.10%"
"09/21/2020","18.20","18.50","19.30","17.95","48.20M","0.61%"
"09/18/2020","18.09","16.65","18.09","16.65","45.28M","7.36%"
"09/17/2020","16.85","16.60","17.17","16.43","45.25M","3.18%"
"09/16/2020","16.33","16.19","16.65","15.87","20.21M","1.74%"
"09/15/2020","16.05","16.20","16.76","15.95","36.66M","-0.37%"
"09/14/2020","16.11","15.53","16.24","15.53","25.35M","3.73%"
"09/11/2020","15.53","15.75","15.90","15.45","4.92M","-1.08%"
"09/10/2020","15.70","15.85","16.20","15.53","14.04M","0.00%"
"09/09/2020","15.70","15.49","15.86","15.16","8.75M","2.21%"
"09/08/2020","15.36","16.21","16.28","15.33","16.56M","-4.71%"
"09/07/2020","16.12","16.30","16.45","15.90","22.62M","-0.06%"
"09/04/2020","16.13","15.65","16.35","15.10","41.35M","2.54%"
"09/03/2020","15.73","15.16","15.90","15.00","51.41M","4.31%"
"09/02/2020","15.08","14.92","15.28","14.81","28.19M","2.59%"
"09/01/2020","14.70","13.88","14.84","13.81","45.77M","5.83%"
"08/31/2020","13.89","14.00","14.10","13.80","9.24M","-0.36%"
"08/28/2020","13.94","14.10","14.35","13.90","7.92M","-1.48%"
"08/27/2020","14.15","14.25","14.55","14.10","11.68M","-0.35%"
"08/26/2020","14.20","14.37","14.45","14.15","7.23M","-0.63%"
"08/25/2020","14.29","14.39","14.74","14.21","15.62M","-0.14%"
"08/24/2020","14.31","14.35","14.48","13.90","9.25M","-0.42%"
"08/21/2020","14.37","14.42","14.78","14.27","16.77M","-0.21%"
"08/20/2020","14.40","14.19","14.65","14.10","20.14M","2.78%"
"08/19/2020","14.01","14.05","14.36","13.92","11.79M","0.43%"
"08/18/2020","13.95","14.29","14.55","13.81","15.50M","-1.69%"
"08/17/2020","14.19","14.21","14.78","14.14","37.37M","2.09%"
"08/13/2020","13.90","12.90","13.90","12.70","60.27M","8.51%"
"08/12/2020","12.81","13.16","13.38","12.81","19.69M","-2.44%"
"08/11/2020","13.13","13.26","13.46","13.00","22.90M","-0.61%"
"08/10/2020","13.21","13.40","13.90","13.15","26.79M","-0.23%"
"08/07/2020","13.24","12.25","13.24","12.24","50.41M","8.08%"
"08/06/2020","12.25","12.55","12.60","12.16","8.90M","-1.45%"
"08/05/2020","12.43","12.60","12.68","12.40","8.30M","-0.32%"
"08/04/2020","12.47","12.40","12.83","11.85","29.34M","0.65%"
"08/03/2020","12.39","12.45","12.70","12.30","8.66M","-0.40%"
"07/30/2020","12.44","12.75","12.80","12.39","9.31M","-0.88%"
"07/29/2020","12.55","12.75","12.84","12.50","7.59M","-1.18%"
"07/28/2020","12.70","12.89","12.94","12.61","7.92M","-0.78%"
"07/27/2020","12.80","12.75","12.95","12.73","4.60M","0.63%"
"07/24/2020","12.72","12.63","12.98","12.44","21.64M","2.17%"
"07/23/2020","12.45","13.06","13.23","12.37","38.13M","-3.11%"
"07/22/2020","12.85","12.41","12.90","12.35","20.10M","3.55%"
"07/21/2020","12.41","12.80","12.80","12.30","9.78M","-2.28%"
"07/20/2020","12.70","12.67","12.92","12.57","15.52M","0.63%"
"07/17/2020","12.62","11.91","12.85","11.90","22.15M","6.05%"
"07/16/2020","11.90","11.96","12.07","11.63","18.22M","4.33%"
"07/15/2020","11.41","11.81","11.91","11.35","24.02M","-1.02%"
"07/14/2020","11.52","11.34","11.82","11.32","22.15M","1.36%"
"07/13/2020","11.37","11.42","11.48","11.21","10.17M","0.80%"
"07/10/2020","11.28","11.81","11.92","11.21","30.84M","-2.51%"
"07/09/2020","11.57","10.69","11.57","10.69","44.80M","8.14%"
"07/08/2020","10.70","10.62","10.75","10.56","3.15M","0.51%"
"07/07/2020","10.64","10.65","10.82","10.54","4.05M","0.34%"
"07/06/2020","10.61","10.61","10.74","10.54","4.38M","0.34%"
"07/03/2020","10.57","10.53","10.87","10.53","8.88M","1.13%"
"07/02/2020","10.45","10.34","10.53","10.32","7.15M","1.41%"
"07/01/2020","10.31","10.15","10.34","10.15","3.53M","0.98%"
"06/30/2020","10.21","10.12","10.25","10.09","2.14M","1.08%"
"06/29/2020","10.10","10.12","10.25","9.98","2.92M","-1.07%"
"06/26/2020","10.21","10.75","10.75","10.08","11.76M","-1.55%"
"06/25/2020","10.37","10.44","10.52","10.34","5.20M","-1.61%"
"06/24/2020","10.54","10.64","10.96","10.46","13.93M","-1.03%"
"06/23/2020","10.65","10.22","10.69","10.22","12.18M","3.50%"
"06/22/2020","10.29","10.38","10.44","9.87","12.72M","-1.63%"
"06/19/2020","10.46","10.44","10.66","10.35","8.00M","-0.76%"
"06/18/2020","10.54","10.96","11.03","10.35","26.42M","-3.57%"
"06/17/2020","10.93","11.92","11.92","10.90","48.43M","-7.45%"
"06/16/2020","11.81","11.78","11.98","11.52","22.73M","0.43%"
"06/15/2020","11.76","11.66","12.02","11.53","50.01M","2.26%"
"06/12/2020","11.50","11.52","11.66","11.39","11.90M","-2.46%"
"06/11/2020","11.79","11.66","11.88","11.55","11.91M","1.20%"
"06/10/2020","11.65","11.80","11.92","11.62","9.87M","-1.27%"
"06/09/2020","11.80","11.97","11.97","11.75","7.22M","-0.84%"
"06/08/2020","11.90","11.94","12.09","11.84","8.88M","1.19%"
"06/05/2020","11.76","11.57","11.84","11.53","4.23M","1.20%"
"06/04/2020","11.62","11.81","11.98","11.58","12.46M","-1.61%"
"06/03/2020","11.81","12.04","12.16","11.72","4.68M","-1.67%"
"06/02/2020","12.01","12.39","12.58","11.94","12.01M","-3.15%"
"06/01/2020","12.40","12.19","12.64","12.02","15.68M","1.56%"
"05/29/2020","12.21","12.16","12.56","12.11","28.48M","1.33%"
"05/28/2020","12.05","11.25","12.05","11.16","23.33M","8.17%"
"05/21/2020","11.14","11.33","11.38","11.03","6.37M","-1.33%"
"05/20/2020","11.29","11.43","11.58","11.13","10.20M","-1.40%"
"05/19/2020","11.45","11.57","11.75","11.39","6.98M","-0.43%"
"05/18/2020","11.50","11.91","11.91","11.39","9.79M","-2.21%"
"05/15/2020","11.76","11.98","12.04","11.71","5.36M","-1.34%"
"05/14/2020","11.92","11.60","12.04","11.50","20.55M","2.76%"
"05/13/2020","11.60","11.66","11.66","11.43","6.41M","-0.51%"
"05/12/2020","11.66","12.14","12.30","11.48","25.50M","-2.26%"
"05/11/2020","11.93","11.70","12.05","11.57","16.70M","2.76%"
"05/08/2020","11.61","11.25","11.66","11.20","10.24M","3.29%"
"05/07/2020","11.24","11.50","11.52","11.17","8.47M","-2.52%"
"05/06/2020","11.53","11.63","11.83","11.39","22.56M","0.70%"
"05/05/2020","11.45","11.12","11.53","10.98","28.04M","6.12%"
"05/04/2020","10.79","10.28","10.98","10.12","13.41M","3.15%"
"04/30/2020","10.46","10.30","10.57","10.25","14.86M","2.65%"
"04/29/2020","10.19","10.26","10.44","10.17","5.55M","-0.88%"
"04/28/2020","10.28","9.90","10.39","9.54","22.66M","3.52%"
"04/27/2020","9.93","10.16","10.24","9.88","6.62M","-3.22%"
"04/24/2020","10.26","10.32","10.66","10.18","8.84M","-1.16%"
"04/23/2020","10.38","10.25","10.51","10.02","9.78M","3.49%"
"04/22/2020","10.03","9.90","10.15","9.57","7.28M","0.60%"
"04/21/2020","9.97","10.21","10.34","9.85","11.06M","-5.41%"
"04/20/2020","10.54","11.07","11.08","10.30","18.96M","-1.13%"
"04/17/2020","10.66","10.53","10.66","10.27","19.79M","9.22%"
"04/16/2020","9.76","9.35","9.85","9.21","12.01M","4.50%"
"04/15/2020","9.34","9.35","9.62","9.27","6.89M","0.76%"
"04/14/2020","9.27","9.10","9.33","9.00","4.49M","1.87%"
"04/13/2020","9.10","9.49","9.51","9.07","6.43M","-4.91%"
"04/10/2020","9.57","9.58","9.67","9.36","4.73M","-1.03%"
"04/09/2020","9.67","9.69","9.91","9.65","13.68M","0.21%"
"04/08/2020","9.65","9.29","9.92","9.18","31.70M","7.10%"
"04/07/2020","9.01","8.76","9.07","8.76","7.10M","3.68%"
"04/06/2020","8.69","9.57","9.57","8.64","12.57M","-8.91%"
"04/03/2020","9.54","9.71","9.98","9.38","14.37M","0.63%"
"04/02/2020","9.48","8.81","9.65","8.63","20.98M","7.24%"
"04/01/2020","8.84","9.12","9.30","8.77","11.27M","-1.45%"
"03/31/2020","8.97","8.19","9.07","8.17","13.17M","9.93%"
"03/30/2020","8.16","8.12","8.30","7.73","7.56M","1.37%"
"03/27/2020","8.05","7.71","8.19","7.17","12.41M","5.78%"
"03/26/2020","7.61","7.40","8.15","7.40","16.68M","2.84%"
"03/25/2020","7.40","7.70","7.70","7.27","7.80M","3.35%"
"03/24/2020","7.16","7.19","7.44","7.08","13.13M","-9.37%"
"03/20/2020","7.90","8.44","8.62","7.71","14.62M","-0.50%"
"03/19/2020","7.94","7.84","8.53","7.84","21.30M","-9.26%"
"03/18/2020","8.75","9.27","9.31","8.75","5.96M","-9.42%"
"03/17/2020","9.66","10.03","10.66","9.40","11.40M","-6.12%"
"03/16/2020","10.29","10.90","11.07","10.29","10.30M","-8.12%"
"03/13/2020","11.20","11.03","11.31","10.48","8.29M","-1.23%"
"03/12/2020","11.34","11.79","11.79","11.25","7.79M","-4.87%"
"03/11/2020","11.92","12.29","12.50","11.80","8.34M","-2.13%"
"03/10/2020","12.18","12.30","12.43","12.02","7.90M","0.33%"
"03/09/2020","12.14","11.75","12.34","11.35","14.78M","-0.98%"
"03/06/2020","12.26","12.62","12.63","12.21","13.58M","-3.62%"
"03/05/2020","12.72","12.95","13.51","12.55","28.63M","-0.24%"
"03/04/2020","12.75","12.79","13.16","12.62","11.86M","-0.62%"
"03/03/2020","12.83","12.61","12.97","12.27","22.59M","2.97%"
"03/02/2020","12.46","11.89","12.52","11.89","13.08M","5.77%"
"02/28/2020","11.78","11.62","12.07","11.52","15.48M","0.26%"
"02/27/2020","11.75","11.98","11.98","11.34","32.43M","-3.77%"
"02/26/2020","12.21","12.30","12.83","12.08","32.82M","-0.73%"
"02/25/2020","12.30","11.79","12.43","11.77","11.05M","2.16%"
"02/24/2020","12.04","12.86","12.86","12.04","12.73M","-7.03%"
"02/21/2020","12.95","13.04","13.14","12.89","6.17M","-1.07%"
"02/20/2020","13.09","13.38","13.48","13.00","8.90M","-1.43%"
"02/19/2020","13.28","12.79","13.45","12.79","23.85M","5.31%"
"02/18/2020","12.61","12.53","12.73","12.32","14.74M","0.56%"
"02/17/2020","12.54","11.93","12.60","11.87","17.92M","5.73%"
"02/14/2020","11.86","12.13","12.24","11.80","9.31M","-1.66%"
"02/13/2020","12.06","11.62","12.30","11.59","24.66M","5.79%"
"02/12/2020","11.40","11.24","11.51","11.07","11.62M","2.89%"
"02/11/2020","11.08","10.74","11.17","10.48","13.86M","3.84%"
"02/10/2020","10.67","11.40","11.43","10.64","12.84M","-7.14%"
"02/07/2020","11.49","12.34","12.34","11.43","15.90M","-6.89%"
"02/06/2020","12.34","12.55","12.67","12.28","7.59M","-1.67%"
"02/04/2020","12.55","12.68","12.74","12.52","9.17M","0.64%"
"02/03/2020","12.47","12.57","12.57","12.34","8.49M","-1.73%"
"01/31/2020","12.69","12.60","13.10","12.53","26.48M","1.04%"
"01/30/2020","12.56","12.57","12.70","12.46","11.06M","-0.55%"
"01/29/2020","12.63","12.84","12.92","12.55","6.39M","-1.33%"
"01/28/2020","12.80","12.72","12.95","12.61","10.88M","0.08%"
"01/27/2020","12.79","12.94","13.06","12.70","5.99M","-0.62%"
"01/24/2020","12.87","13.16","13.21","12.79","11.01M","-2.05%"
"01/23/2020","13.14","13.29","13.48","13.07","8.21M","-0.23%"
"01/22/2020","13.17","13.84","13.84","12.93","9.38M","-3.87%"
"01/21/2020","13.70","13.93","13.97","13.63","2.73M","-0.80%"
"01/20/2020","13.81","14.12","14.19","13.73","3.82M","-2.68%"
"01/17/2020","14.19","14.12","14.33","14.12","4.59M","0.21%"
"01/16/2020","14.16","13.93","14.34","13.93","6.05M","0.71%"
"01/15/2020","14.06","14.46","14.46","13.99","7.24M","-2.16%"
"01/14/2020","14.37","14.55","14.55","14.34","5.90M","-0.55%"
"01/13/2020","14.45","14.30","14.61","14.29","15.42M","-0.28%"
"01/10/2020","14.49","14.68","14.75","14.35","22.03M","-1.09%"
"01/09/2020","14.65","14.48","14.69","14.31","26.79M","6.31%"
"01/08/2020","13.78","14.16","14.32","13.68","11.38M","-4.70%"
"01/07/2020","14.46","14.43","14.64","14.34","12.59M","2.19%"
"01/06/2020","14.15","14.49","14.78","14.15","19.36M","-5.98%"
"01/03/2020","15.05","15.70","15.74","14.79","22.91M","-3.83%"
"01/02/2020","15.65","15.43","15.83","15.29","22.17M","2.49%"
"01/01/2020","15.27","14.66","15.33","14.56","29.28M","4.45%"
"12/31/2019","14.62","14.52","14.95","14.34","23.69M","1.32%"
"12/30/2019","14.43","14.34","14.62","14.25","11.83M","1.33%"
"12/27/2019","14.24","14.66","14.80","14.07","25.00M","-1.73%"
"12/26/2019","14.49","14.25","14.49","13.97","29.97M","6.70%"
"12/24/2019","13.58","12.53","13.58","12.33","14.79M","7.10%"
"12/23/2019","12.68","13.43","13.43","12.53","13.16M","-5.51%"
"12/20/2019","13.42","13.57","13.77","13.25","9.63M","0.60%"
"12/19/2019","13.34","13.75","14.20","12.84","29.09M","-2.98%"
"12/18/2019","13.75","13.79","14.07","13.67","15.72M","-2.48%"
"12/17/2019","14.10","14.47","14.52","13.66","28.89M","-1.74%"
"12/16/2019","14.35","14.06","14.64","14.04","34.59M","2.94%"
"12/13/2019","13.94","13.70","14.00","13.43","31.16M","3.11%"
"12/12/2019","13.52","13.34","13.68","12.84","41.60M","1.65%"
"12/11/2019","13.30","12.99","13.48","12.98","49.06M","4.31%"
"12/10/2019","12.75","12.10","12.89","11.85","33.66M","5.72%"
"12/09/2019","12.06","12.77","13.04","11.94","29.59M","-4.81%"
"12/06/2019","12.67","12.01","12.83","11.89","58.96M","6.29%"
"12/05/2019","11.92","11.98","12.34","11.86","38.84M","0.59%"
"12/04/2019","11.85","11.71","12.11","11.59","29.59M","1.37%"
"12/03/2019","11.69","12.15","12.16","11.62","16.59M","-2.50%"
"12/02/2019","11.99","11.92","12.11","11.35","41.55M","1.01%"
"11/29/2019","11.87","12.30","12.40","11.72","10.99M","-2.55%"
"11/28/2019","12.18","11.63","12.52","11.63","22.51M","3.31%"
"11/27/2019","11.79","11.80","12.02","11.52","26.48M","0.43%"
"11/26/2019","11.74","11.43","11.88","10.44","64.00M","7.02%"
"11/25/2019","10.97","10.16","10.97","10.07","20.52M","9.05%"
"11/22/2019","10.06","9.76","10.14","9.67","4.89M","2.13%"
"11/21/2019","9.85","10.34","10.53","9.81","9.36M","-5.20%"
"11/20/2019","10.39","10.43","10.60","10.22","8.38M","0.68%"
"11/19/2019","10.32","10.73","10.75","10.30","6.20M","-2.73%"
"11/18/2019","10.61","10.66","10.93","10.54","12.86M","0.86%"
"11/15/2019","10.52","10.51","10.59","10.35","6.87M","0.38%"
"11/14/2019","10.48","10.75","10.87","10.39","10.86M","-0.95%"
"11/13/2019","10.58","10.16","10.62","9.99","18.14M","4.24%"
"11/12/2019","10.15","10.15","10.38","10.03","17.80M","1.60%"
"11/11/2019","9.99","9.87","10.09","9.76","8.21M","3.31%"
"11/08/2019","9.67","9.70","9.89","9.62","3.04M","-0.21%"
"11/07/2019","9.69","10.00","10.07","9.63","5.60M","-2.61%"
"11/06/2019","9.95","9.67","10.20","9.67","16.10M","2.90%"
"11/05/2019","9.67","9.76","9.95","9.57","8.50M","-0.41%"
"11/04/2019","9.71","9.49","9.89","9.46","9.60M","2.97%"
"11/01/2019","9.43","9.55","9.66","9.36","4.40M","-1.15%"
"10/31/2019","9.54","9.36","9.65","9.35","3.16M","1.81%"
"10/30/2019","9.37","9.66","9.76","9.30","8.25M","-2.19%"
"10/29/2019","9.58","9.59","9.74","9.44","5.80M","-0.10%"
"10/28/2019","9.59","9.53","9.69","9.26","6.73M","2.46%"
"10/25/2019","9.36","9.30","9.59","9.26","6.22M","1.30%"
"10/24/2019","9.24","9.18","9.47","9.17","3.93M","0.87%"
"10/23/2019","9.16","8.98","9.26","8.96","5.68M","2.81%"
"10/22/2019","8.91","9.07","9.07","8.85","2.42M","0.34%"
"10/21/2019","8.88","9.48","9.48","8.84","6.89M","-5.93%"
"10/18/2019","9.44","9.72","9.86","9.36","4.49M","-2.88%"
"10/17/2019","9.72","9.89","9.92","9.67","4.59M","-0.82%"
"10/16/2019","9.80","9.99","10.13","9.76","11.24M","-1.90%"
"10/15/2019","9.99","9.89","10.06","9.68","5.87M","2.67%"
"10/14/2019","9.73","10.03","10.07","9.66","9.27M","-3.28%"
"10/11/2019","10.06","10.33","10.47","9.89","17.17M","-1.08%"
"10/10/2019","10.17","10.03","10.29","9.82","16.62M","2.31%"
"10/09/2019","9.94","9.64","10.16","9.64","28.73M","4.52%"
"10/08/2019","9.51","9.34","9.76","9.00","23.77M","2.70%"
"10/07/2019","9.26","8.98","9.70","8.85","27.23M","2.77%"
"10/04/2019","9.01","9.24","9.35","8.89","14.91M","-2.80%"
"10/03/2019","9.27","8.58","9.44","8.58","25.06M","7.54%"
"10/02/2019","8.62","8.40","8.71","8.31","17.59M","3.48%"
"10/01/2019","8.33","7.96","8.52","7.90","21.41M","4.00%"
"09/30/2019","8.01","7.82","8.10","7.80","4.00M","3.22%"
"09/27/2019","7.76","7.62","7.84","7.55","2.76M","2.11%"
"09/26/2019","7.60","7.76","7.76","7.57","1.30M","-0.65%"
"09/25/2019","7.65","7.80","7.80","7.61","1.82M","-1.03%"
"09/24/2019","7.73","7.75","7.81","7.54","1.85M","0.00%"
"09/23/2019","7.73","8.02","8.03","7.71","2.53M","-3.13%"
"09/20/2019","7.98","8.08","8.30","7.89","7.12M","-0.37%"
"09/19/2019","8.01","7.71","8.07","7.71","3.26M","3.09%"
"09/18/2019","7.77","7.81","7.89","7.74","1.77M","-0.89%"
"09/17/2019","7.84","7.98","8.07","7.80","3.39M","-1.75%"
"09/16/2019","7.98","8.03","8.23","7.81","6.27M","-0.99%"
"09/13/2019","8.06","7.98","8.25","7.81","7.85M","1.90%"
"09/12/2019","7.91","7.48","8.14","7.44","9.89M","6.75%"
"09/11/2019","7.41","7.68","7.68","7.34","1.09M","-2.11%"
"09/06/2019","7.57","7.60","7.62","7.42","1.42M","-0.39%"
"09/05/2019","7.60","8.02","8.15","7.49","7.50M","-3.18%"
"09/04/2019","7.85","7.30","8.07","7.30","10.33M","7.24%"
"09/03/2019","7.32","7.48","7.77","7.27","4.62M","-2.40%"
"09/02/2019","7.50","7.25","7.58","7.25","2.93M","5.49%"
"08/30/2019","7.11","7.44","7.53","7.03","5.08M","-3.40%"
"08/29/2019","7.36","7.85","7.97","7.29","2.06M","-6.95%"
"08/28/2019","7.91","7.84","8.18","7.77","7.86M","0.89%"
"08/27/2019","7.84","7.79","8.01","7.48","7.81M","0.77%"
"08/26/2019","7.78","8.32","8.43","7.67","4.98M","-8.15%"
"08/23/2019","8.47","8.62","9.03","8.27","20.79M","-1.51%"
"08/22/2019","8.60","7.80","8.61","7.75","14.49M","11.69%"
"08/21/2019","7.70","7.58","7.80","7.28","4.35M","2.39%"
"08/20/2019","7.52","7.67","7.79","7.48","4.97M","-0.79%"
"08/19/2019","7.58","7.02","7.67","6.91","5.67M","9.70%"
"08/16/2019","6.91","7.03","7.08","6.81","1.02M","-3.09%"
"08/09/2019","7.13","7.03","7.19","6.94","2.79M","1.57%"
"08/08/2019","7.02","7.54","7.54","6.85","8.56M","-7.27%"
"08/07/2019","7.57","7.73","7.80","7.49","2.75M","-2.70%"
"08/06/2019","7.78","7.82","7.91","7.71","563.12K","-0.26%"
"08/05/2019","7.80","8.08","8.08","7.71","1.85M","-3.82%"
"08/02/2019","8.11","8.08","8.16","8.00","1.44M","0.75%"
"08/01/2019","8.05","8.21","8.36","7.99","4.78M","-2.54%"
"07/31/2019","8.26","8.33","8.35","7.99","2.08M","0.49%"
"07/30/2019","8.22","8.16","8.41","8.16","1.32M","-0.84%"
"07/29/2019","8.29","8.22","8.41","8.17","1.67M","0.73%"
"07/26/2019","8.23","8.30","8.46","8.17","3.63M","-2.37%"
"07/25/2019","8.43","8.89","8.89","8.27","4.42M","-4.42%"
"07/24/2019","8.82","8.79","9.00","8.59","9.89M","1.97%"
"07/23/2019","8.65","8.78","8.78","8.34","9.49M","0.70%"
"07/22/2019","8.59","8.61","8.68","8.36","2.06M","0.94%"
"07/19/2019","8.51","8.53","8.69","8.21","4.12M","-0.82%"
"07/18/2019","8.58","8.98","9.01","8.48","4.00M","-4.35%"
"07/17/2019","8.97","9.07","9.32","8.77","4.92M","-0.11%"
"07/16/2019","8.98","8.76","9.03","8.62","2.97M","2.75%"
"07/15/2019","8.74","9.25","9.27","8.62","3.22M","-5.51%"
"07/12/2019","9.25","9.46","9.53","9.17","2.05M","-2.53%"
"07/11/2019","9.49","9.61","9.61","9.44","870.02K","-0.94%"
"07/10/2019","9.58","9.56","9.67","9.53","1.28M","0.42%"
"07/09/2019","9.54","9.48","9.71","9.44","3.18M","0.32%"
"07/08/2019","9.51","9.64","9.85","9.46","3.16M","-1.25%"
"07/05/2019","9.63","9.70","9.71","9.47","2.15M","-0.41%"
"07/04/2019","9.67","10.34","10.34","9.55","5.78M","-4.64%"
"07/03/2019","10.14","10.15","10.44","10.07","8.13M","1.20%"
"07/02/2019","10.02","9.88","10.12","9.76","6.85M","1.52%"
"07/01/2019","9.87","9.46","10.04","9.40","15.32M","5.56%"
"06/28/2019","9.35","9.26","9.43","9.08","6.75M","0.00%"
"06/27/2019","9.35","9.49","9.50","9.24","1.29M","0.21%"
"06/26/2019","9.33","9.53","9.60","9.21","2.56M","-1.27%"
"06/25/2019","9.45","9.17","9.62","9.07","3.02M","2.61%"
"06/24/2019","9.21","9.60","9.69","9.17","3.62M","-5.15%"
"06/21/2019","9.71","9.89","9.94","9.59","3.58M","-0.92%"
"06/20/2019","9.80","9.32","9.97","9.31","7.35M","4.70%"
"06/19/2019","9.36","9.15","9.46","9.08","3.17M","0.97%"
"06/18/2019","9.27","9.54","9.62","9.17","2.53M","-3.13%"
"06/17/2019","9.57","9.84","9.86","9.55","3.25M","-2.25%"
"06/14/2019","9.79","10.05","10.07","9.62","6.32M","-2.00%"
"06/13/2019","9.99","9.71","10.06","9.57","5.99M","3.42%"
"06/12/2019","9.66","9.35","9.94","9.26","6.56M","2.88%"
"06/11/2019","9.39","8.77","9.53","8.64","8.00M","5.27%"
"06/10/2019","8.92","9.61","9.61","8.87","4.74M","-8.32%"
"06/03/2019","9.73","9.98","9.98","9.53","2.60M","-2.51%"
"05/30/2019","9.98","10.62","10.75","9.66","14.04M","-3.85%"
"05/29/2019","10.38","9.76","10.42","9.76","10.89M","9.15%"
"05/28/2019","9.51","10.16","10.16","9.42","8.71M","-6.76%"
"05/27/2019","10.20","10.71","10.80","10.09","7.43M","-4.23%"
"05/24/2019","10.65","10.77","10.93","10.39","13.51M","0.00%"
"05/23/2019","10.65","10.43","10.85","10.09","16.81M","5.55%"
"05/22/2019","10.09","9.45","10.09","9.45","11.49M","9.91%"
"05/21/2019","9.18","8.52","9.30","8.42","21.47M","9.42%"
"05/20/2019","8.39","7.51","8.39","7.06","10.50M","12.02%"
"05/17/2019","7.49","8.34","8.34","7.49","5.73M","-10.73%"
"05/16/2019","8.39","9.37","9.38","8.35","7.17M","-9.40%"
"05/15/2019","9.26","8.89","9.51","8.89","5.15M","4.16%"
"05/14/2019","8.89","9.62","9.84","8.85","7.81M","-8.91%"
"05/13/2019","9.76","10.93","11.11","9.75","5.19M","-8.36%"
"05/10/2019","10.65","10.84","11.03","10.62","1.89M","-1.39%"
"05/09/2019","10.80","10.54","10.97","10.49","3.34M","3.05%"
"05/08/2019","10.48","10.82","10.82","10.13","3.85M","-1.50%"
"05/07/2019","10.64","10.57","11.07","10.57","2.89M","-0.09%"
"05/06/2019","10.65","11.29","11.29","10.54","4.62M","-5.84%"
"05/03/2019","11.31","11.52","11.88","10.93","9.99M","-0.70%"
"05/02/2019","11.39","12.21","12.48","11.25","7.75M","-6.02%"
"04/30/2019","12.12","12.21","13.16","11.53","13.62M","-1.06%"
"04/29/2019","12.25","11.89","12.25","11.86","8.92M","8.02%"
"04/26/2019","11.34","10.48","11.34","10.45","8.23M","8.62%"
"04/25/2019","10.44","10.25","10.75","10.21","4.18M","2.05%"
"04/24/2019","10.23","10.27","10.39","10.15","1.82M","0.20%"
"04/23/2019","10.21","10.75","10.75","9.98","4.03M","-5.02%"
"04/22/2019","10.75","11.39","11.34","10.66","6.74M","-4.10%"
"04/19/2019","11.21","10.84","11.57","10.80","11.75M","4.28%"
"04/18/2019","10.75","10.53","11.11","10.44","13.90M","1.80%"
"04/17/2019","10.56","11.13","11.13","10.44","4.41M","-4.00%"
"04/16/2019","11.00","11.71","11.71","10.84","6.10M","-5.34%"
"04/15/2019","11.62","11.97","11.97","11.53","2.39M","-1.53%"
"04/12/2019","11.80","11.16","11.93","11.12","6.70M","5.17%"
"04/11/2019","11.22","11.07","11.34","10.98","1.22M","1.54%"
"04/10/2019","11.05","11.52","11.66","10.98","2.09M","-4.25%"
"04/09/2019","11.54","11.96","12.33","11.28","4.71M","-3.35%"
"04/08/2019","11.94","12.25","12.30","11.75","2.14M","-2.93%"
"04/05/2019","12.30","12.41","12.55","12.08","3.24M","-0.73%"
"04/04/2019","12.39","12.15","12.65","12.05","6.71M","2.40%"
"04/03/2019","12.10","12.25","12.50","11.91","7.69M","-0.90%"
"04/02/2019","12.21","11.70","12.39","11.57","7.26M","5.26%"
"04/01/2019","11.60","11.52","11.80","11.45","975.82K","-0.94%"
"03/29/2019","11.71","11.34","11.83","11.18","2.80M","2.99%"
"03/28/2019","11.37","11.71","11.79","11.25","2.80M","-2.90%"
"03/27/2019","11.71","10.71","11.71","10.55","6.67M","8.43%"
"03/26/2019","10.80","10.80","10.88","10.30","2.63M","1.22%"
"03/25/2019","10.67","11.21","11.41","10.56","1.59M","-6.07%"
"03/22/2019","11.36","11.36","11.71","11.23","1.85M","-1.47%"
"03/21/2019","11.53","11.89","11.89","11.48","1.16M","-2.78%"
"03/20/2019","11.86","12.15","12.21","11.79","1.22M","-2.15%"
"03/19/2019","12.12","12.37","12.52","12.07","1.58M","-2.65%"
"03/18/2019","12.45","12.48","12.61","12.02","2.86M","0.81%"
"03/15/2019","12.35","13.10","13.29","12.11","6.89M","-3.97%"
"03/14/2019","12.86","12.60","12.86","12.51","12.98M","7.62%"
"03/13/2019","11.95","11.62","11.95","11.57","6.59M","8.24%"
"03/12/2019","11.04","10.96","11.17","10.74","3.11M","1.19%"
"03/11/2019","10.91","11.09","11.19","10.74","4.29M","-1.62%"
"03/08/2019","11.09","11.42","11.47","10.94","3.43M","-2.72%"
"03/07/2019","11.40","11.47","11.58","11.34","4.02M","0.26%"
"03/06/2019","11.37","11.45","11.62","11.18","9.20M","-1.81%"
"03/05/2019","11.58","12.15","12.32","11.58","3.78M","-5.31%"
"03/04/2019","12.23","12.36","12.36","12.16","1.55M","-0.16%"
"03/01/2019","12.25","12.25","12.41","12.16","2.53M","0.91%"
"02/28/2019","12.14","11.89","12.29","11.58","4.08M","3.14%"
"02/27/2019","11.77","12.03","12.28","11.76","10.40M","-5.16%"
"02/26/2019","12.41","12.97","12.99","12.38","2.17M","-4.76%"
"02/25/2019","13.03","12.91","13.23","12.81","1.36M","0.85%"
"02/22/2019","12.92","13.01","13.23","12.84","3.35M","-1.30%"
"02/21/2019","13.09","13.18","13.40","13.09","15.42M","-4.94%"
"02/20/2019","13.77","13.77","13.77","13.77","1.03M","-5.03%"
"02/19/2019","14.50","14.86","14.96","14.42","2.78M","-2.75%"
"02/18/2019","14.91","15.34","15.34","14.83","2.18M","-1.45%"
"02/15/2019","15.13","14.96","15.27","14.86","3.14M","1.89%"
"02/14/2019","14.85","14.44","14.94","14.44","2.81M","2.06%"
"02/13/2019","14.55","14.70","14.78","14.18","3.31M","-0.14%"
"02/12/2019","14.57","15.25","15.60","14.31","12.87M","-3.25%"
"02/11/2019","15.06","15.84","15.87","14.97","6.56M","-4.44%"
"02/08/2019","15.76","16.23","16.39","15.67","2.43M","-2.35%"
"02/07/2019","16.14","15.74","16.27","15.64","2.60M","1.13%"
"02/06/2019","15.96","16.46","16.68","15.88","6.50M","-3.86%"
"02/04/2019","16.60","16.65","17.06","16.45","6.69M","0.06%"
"02/01/2019","16.59","15.67","16.60","15.67","9.28M","4.87%"
"01/31/2019","15.82","15.77","15.90","15.67","1.68M","0.44%"
"01/30/2019","15.75","15.74","15.98","15.60","3.71M","-0.06%"
"01/29/2019","15.76","15.80","16.00","15.45","9.81M","0.51%"
"01/28/2019","15.68","15.22","15.68","15.22","7.62M","4.95%"
"01/25/2019","14.94","14.24","14.94","14.20","13.22M","4.99%"
"01/24/2019","14.23","14.60","14.66","14.19","3.36M","-0.97%"
"01/23/2019","14.37","14.64","14.95","14.33","5.48M","-0.90%"
"01/22/2019","14.50","14.18","14.63","13.82","5.62M","2.11%"
"01/21/2019","14.20","14.93","14.96","14.20","6.13M","-4.95%"
"01/18/2019","14.94","14.44","15.13","14.44","11.97M","3.68%"
"01/17/2019","14.41","14.33","14.76","14.33","11.16M","-4.44%"
"01/16/2019","15.08","15.08","15.08","15.08","386.73K","-4.98%"
"01/15/2019","15.87","15.93","15.97","15.87","2.89M","-5.03%"
"01/14/2019","16.71","16.68","17.05","16.62","3.92M","1.58%"
"01/11/2019","16.45","16.45","16.80","16.16","3.72M","-0.54%"
"01/10/2019","16.54","16.90","17.20","16.45","7.15M","-2.13%"
"01/09/2019","16.90","17.81","17.98","16.72","17.93M","-3.98%"
"01/08/2019","17.60","17.07","17.90","17.07","8.89M","3.23%"
"01/07/2019","17.05","16.39","17.06","16.33","5.17M","4.92%"
"01/04/2019","16.25","16.52","16.78","16.10","1.97M","-0.98%"
"01/03/2019","16.41","16.83","17.16","16.20","2.03M","-3.19%"
"01/02/2019","16.95","17.56","17.82","16.73","3.53M","-3.42%"
"01/01/2019","17.55","16.90","17.57","16.90","2.27M","4.90%"